img_name,model_answer
x9v67l6.jpg,model_answer_type2
ewA8Rpn.jpg,model_answer_type2
E6MwJ00.jpg,model_answer_type2
9tuGAkX.jpg,model_answer_type2
r53EbYv.jpg,model_answer_type2
smkLrZa.jpg,model_answer_type2
IRpxdDf.jpg,model_answer_type2
hBD1FRE.jpg,model_answer_type2
EXLa4p7.jpg,model_answer_type2
uCpvJcc.jpg,model_answer_type2
Ul9u6l6.jpg,model_answer_type2
u2GZM4K.jpg,model_answer_type2
D7klNpd.jpg,model_answer_type2
yF4wPq5.jpg,model_answer_type2
r9ByOWm.jpg,model_answer_type2
52pqQSe.jpg,model_answer_type2
Q2a6ahU.jpg,model_answer_type2
BLK52Gc.jpg,model_answer_type2
k0xTfJi.jpg,model_answer_type2
msX3bBM.jpg,model_answer_type2
nG4XW3E.jpg,model_answer_type2
rtCMIC1.jpg,model_answer_type2
WxtTFL6.jpg,model_answer_type2
iw06r3Q.jpg,model_answer_type2
PXamf6c.jpg,model_answer_type2
RZH24s7.jpg,model_answer_type2
favEvzP.jpg,model_answer_type2
I3rHIGa.jpg,model_answer_type2
LCB41h0.jpg,model_answer_type2
T2EiQ3J.jpg,model_answer_type2
uWMcs2Y.jpg,model_answer_type2
56jXNyb.jpg,model_answer_type2
6EoSuEJ.jpg,model_answer_type2
pG15tPy.jpg,model_answer_type2
OEOMwNz.jpg,model_answer_type2
GCKySAb.jpg,model_answer_type2
KikF8Hg.jpg,model_answer_type2
g9OnxRJ.jpg,model_answer_type2
6jHuOGj.jpg,model_answer_type2
hr0SaFm.jpg,model_answer_type2
t4fbUW1.jpg,model_answer_type2
LRccyJJ.jpg,model_answer_type2
fSgibgb.jpg,model_answer_type2
sB9gIJP.jpg,model_answer_type2
XHbvbhu.jpg,model_answer_type2
k0R3DoI.jpg,model_answer_type2
k3MGv5p.jpg,model_answer_type2
5vQyXpN.jpg,model_answer_type2
leDjQxO.jpg,model_answer_type2
VOWRKeG.jpg,model_answer_type2
1KUsNqb.jpg,model_answer_type2
Zcai4vg.jpg,model_answer_type2
k3fXpaB.jpg,model_answer_type2
TphRpXN.jpg,model_answer_type2
WqsQ2oM.jpg,model_answer_type2
y1LnCHF.jpg,model_answer_type2
naF0DTz.jpg,model_answer_type2
fSoFduO.jpg,model_answer_type2
tA3XsPA.jpg,model_answer_type2
o6iFate.jpg,model_answer_type2
Ao4IYZg.jpg,model_answer_type2
Tybelpt.jpg,model_answer_type2
dcKPZ70.jpg,model_answer_type2
tRSUcnu.jpg,model_answer_type2
il7ZzYK.jpg,model_answer_type2
0MCLnne.jpg,model_answer_type2
BwGdMO9.jpg,model_answer_type2
94eVJfM.jpg,model_answer_type2
YaewHUB.jpg,model_answer_type2
dDKJWPG.jpg,model_answer_type2
nV9zHTn.jpg,model_answer_type2
fWen73r.jpg,model_answer_type2
keUAEPk.jpg,model_answer_type2
SHj76OQ.jpg,model_answer_type2
xhc4R2G.jpg,model_answer_type2
fxCtAQD.jpg,model_answer_type2
PJeMxbg.jpg,model_answer_type2
Vlo8tqw.jpg,model_answer_type2
QHgIPCx.jpg,model_answer_type2
NzBinsy.jpg,model_answer_type2
cRogGRp.jpg,model_answer_type2
yc12lqc.jpg,model_answer_type2
n5LMW0T.jpg,model_answer_type2
f6396vC.jpg,model_answer_type2
8r86TYY.jpg,model_answer_type2
IOj3f0x.jpg,model_answer_type2
vrEo0y1.jpg,model_answer_type2
L5rBGZ5.jpg,model_answer_type2
diLM5gw.jpg,model_answer_type2
jbJWS9A.jpg,model_answer_type2
iz8f2EL.jpg,model_answer_type2
VdH6dUQ.jpg,model_answer_type2
pKLNQz5.jpg,model_answer_type2
UeKwymv.jpg,model_answer_type2
TXVeZeI.jpg,model_answer_type2
sJcae3x.jpg,model_answer_type2
s1XljD0.jpg,model_answer_type2
LUYBpyQ.jpg,model_answer_type2
Ef8ACCI.jpg,model_answer_type2
7iL00J4.jpg,model_answer_type2
xKeed9J.jpg,model_answer_type2
bFD9eUD.jpg,model_answer_type2
FMctx8O.jpg,model_answer_type2
qNdhAQG.jpg,model_answer_type2
bUvk9iA.jpg,model_answer_type2
GRBnj1Z.jpg,model_answer_type2
SMm9p1N.jpg,model_answer_type2
6FPOAn4.jpg,model_answer_type2
6xcmfsB.jpg,model_answer_type2
alybfPY.jpg,model_answer_type2
9q4RhnA.jpg,model_answer_type2
7c7a0By.jpg,model_answer_type2
seedZky.jpg,model_answer_type2
GUALkq5.jpg,model_answer_type2
N1HDgWz.jpg,model_answer_type2
8uEnJiI.jpg,model_answer_type2
s5fq6IA.jpg,model_answer_type2
e38fphp.jpg,model_answer_type2
j6uC3Xk.jpg,model_answer_type2
6nLvfDA.jpg,model_answer_type2
XYvZQ69.jpg,model_answer_type2
jzBnw4J.jpg,model_answer_type2
6tXsNC9.jpg,model_answer_type2
KB26N1r.jpg,model_answer_type2
Gn7hJNd.jpg,model_answer_type2
zxomqZY.jpg,model_answer_type2
7pahTUB.jpg,model_answer_type2
JyjneLe.jpg,model_answer_type2
DrHXuVC.jpg,model_answer_type2
AZ76rSV.jpg,model_answer_type2
SQ3PfSs.jpg,model_answer_type2
eGngzyy.jpg,model_answer_type2
LAB7L4d.jpg,model_answer_type2
TQUHeNf.jpg,model_answer_type2
dmZCR9Y.jpg,model_answer_type2
rxCG3WE.jpg,model_answer_type2
SxxUauX.jpg,model_answer_type2
OqVkVCv.jpg,model_answer_type2
NGhWj87.jpg,model_answer_type2
8F8YMZl.jpg,model_answer_type2
KKfbb39.jpg,model_answer_type2
ZvHkGNT.jpg,model_answer_type2
WJstHO0.jpg,model_answer_type2
cScH1M6.jpg,model_answer_type2
CLBs5ko.jpg,model_answer_type2
UAPlfB2.jpg,model_answer_type2
B4XCYz9.jpg,model_answer_type2
EIHSAUE.jpg,model_answer_type2
sVRUXRv.jpg,model_answer_type2
H6JMOwY.jpg,model_answer_type2
Qet6ZdJ.jpg,model_answer_type2
nWCK5mU.jpg,model_answer_type2
FNjcH1n.jpg,model_answer_type2
BniP88N.jpg,model_answer_type2
baS4IPn.jpg,model_answer_type2
vrpQEKp.jpg,model_answer_type2
h8CIV67.jpg,model_answer_type2
Qi8cQd9.jpg,model_answer_type2
Jqj9QLY.jpg,model_answer_type2
lXzz6uS.jpg,model_answer_type2
96QZdd8.jpg,model_answer_type2
dKh1074.jpg,model_answer_type2
DlrYDgV.jpg,model_answer_type2
T04C5Cf.jpg,model_answer_type2
cWwqME1.jpg,model_answer_type2
sKJHopD.jpg,model_answer_type2
xsXKhSL.jpg,model_answer_type2
MV5KDC8.jpg,model_answer_type2
KGv7TpN.jpg,model_answer_type2
YqjoUp3.jpg,model_answer_type2
4o6dYrK.jpg,model_answer_type2
9ho2npk.jpg,model_answer_type2
x8FnUkW.jpg,model_answer_type2
OAg9Tcu.jpg,model_answer_type2
wN4cbxp.jpg,model_answer_type2
atMTlVH.jpg,model_answer_type2
6ZEaAgP.jpg,model_answer_type2
0OdLk7m.jpg,model_answer_type2
gbeOzSl.jpg,model_answer_type1
UpUB4NP.jpg,model_answer_type1
d0CumBh.jpg,model_answer_type1
jMBzTSY.jpg,model_answer_type1
K4M2DDt.jpg,model_answer_type1
MvHSRmI.jpg,model_answer_type1
FikUEoA.jpg,model_answer_type1
15KUC2C.jpg,model_answer_type1
IF69nYD.jpg,model_answer_type1
QjnYgjU.jpg,model_answer_type1
A2sNCY3.jpg,model_answer_type1
OKJ3j3G.jpg,model_answer_type1
rBUuCSx.jpg,model_answer_type1
F0nOhUP.jpg,model_answer_type1
WacNh4T.jpg,model_answer_type1
89atndp.jpg,model_answer_type1
BJMdF88.jpg,model_answer_type1
Rk1G1aS.jpg,model_answer_type1
4eC8euy.jpg,model_answer_type1
zQshA2F.jpg,model_answer_type1
ZGzhVNg.jpg,model_answer_type1
3G7htqD.jpg,model_answer_type1
v4aJrqY.jpg,model_answer_type1
y6Vf5sD.jpg,model_answer_type1
UXsG00l.jpg,model_answer_type1
HIZNGdx.jpg,model_answer_type1
HOtiavT.jpg,model_answer_type1
Qr2F5vt.jpg,model_answer_type1
hJTSb28.jpg,model_answer_type1
uwONgIj.jpg,model_answer_type1
u6uDFnY.jpg,model_answer_type1
lvPI3dz.jpg,model_answer_type1
vpI8WEb.jpg,model_answer_type1
mMcX0kT.jpg,model_answer_type1
kK8CqVE.jpg,model_answer_type1
dmBFpeL.jpg,model_answer_type1
tpPFzmO.jpg,model_answer_type1
ZGGigCm.jpg,model_answer_type1
oYYOzj0.jpg,model_answer_type1
S4Gjogj.jpg,model_answer_type1
kc3HJAc.jpg,model_answer_type1
bO9N14J.jpg,model_answer_type1
2sjzRpB.jpg,model_answer_type1
hOqd6O1.jpg,model_answer_type1
0uMtPz0.jpg,model_answer_type1
WbvDqtc.jpg,model_answer_type1
1NFTcys.jpg,model_answer_type1
6f36g6m.jpg,model_answer_type1
mCkySBG.jpg,model_answer_type1
eW2yoSH.jpg,model_answer_type1
rzQDZm4.jpg,model_answer_type1
bd3p317.jpg,model_answer_type1
4us8p1f.jpg,model_answer_type1
Hj9MaiP.jpg,model_answer_type1
dYAaz7m.jpg,model_answer_type1
qKVBUWs.jpg,model_answer_type1
VrcsNov.jpg,model_answer_type1
bOMQ443.jpg,model_answer_type1
E0RhGxf.jpg,model_answer_type1
jioK374.jpg,model_answer_type1
uJgHSki.jpg,model_answer_type1
5pOfNJj.jpg,model_answer_type1
hSIB9dp.jpg,model_answer_type1
vhKiEc5.jpg,model_answer_type1
PJF97Sn.jpg,model_answer_type1
SpbJje9.jpg,model_answer_type1
qDeau8F.jpg,model_answer_type1
9jJTcYP.jpg,model_answer_type1
IZoP6L9.jpg,model_answer_type1
DpJMbdM.jpg,model_answer_type1
kGfwhg1.jpg,model_answer_type1
hTdvXQF.jpg,model_answer_type1
vljoMvg.jpg,model_answer_type1
J4KSh3L.jpg,model_answer_type1
q084olr.jpg,model_answer_type1
LmfCbHP.jpg,model_answer_type1
xE2j1uA.jpg,model_answer_type1
406Rype.jpg,model_answer_type1
UnyTYcI.jpg,model_answer_type1
DiAuBgf.jpg,model_answer_type1
XZfYPZf.jpg,model_answer_type1
DpgnoTP.jpg,model_answer_type1
hsrMdD1.jpg,model_answer_type1
pzjmQaX.jpg,model_answer_type1
QboFh7Q.jpg,model_answer_type1
ZHdcDRf.jpg,model_answer_type1
m0uDWq4.jpg,model_answer_type1
DCqErqb.jpg,model_answer_type1
x6TAizQ.jpg,model_answer_type1
g2XWJ8f.jpg,model_answer_type1
WG85Ru8.jpg,model_answer_type1
2xCuXpB.jpg,model_answer_type1
yArHNVc.jpg,model_answer_type1
f5UXaA3.jpg,model_answer_type1
KYwE0DO.jpg,model_answer_type1
WZ5A722.jpg,model_answer_type1
H9hqtAY.jpg,model_answer_type1
o8Eg109.jpg,model_answer_type1
0rmWKaj.jpg,model_answer_type2
AEvXq0w.jpg,model_answer_type2
pDpbHYg.jpg,model_answer_type2
rYEPaeR.jpg,model_answer_type2
MLNMK7L.jpg,model_answer_type2
DT4N2Zg.jpg,model_answer_type2
nD8jfSQ.jpg,model_answer_type2
uhFFYJ4.jpg,model_answer_type2
HGxZ4n9.jpg,model_answer_type2
yfnPUlS.jpg,model_answer_type2
1BDUOhL.jpg,model_answer_type2
gMDq8yp.jpg,model_answer_type2
EB96Q7Y.jpg,model_answer_type2
Sm6e1Td.jpg,model_answer_type2
GidbMC1.jpg,model_answer_type2
JR5NBIN.jpg,model_answer_type2
0c7xEno.jpg,model_answer_type2
PAaDQxm.jpg,model_answer_type2
UmqXxrS.jpg,model_answer_type2
BUtmjUM.jpg,model_answer_type2
gKxPK1Y.jpg,model_answer_type2
3zxEEBC.jpg,model_answer_type2
F0L3AOw.jpg,model_answer_type2
mrijc85.jpg,model_answer_type2
qXZqYLa.jpg,model_answer_type2
WmsdhW5.jpg,model_answer_type2
yFqaV83.jpg,model_answer_type2
fNB1Xh6.jpg,model_answer_type2
DyEbp6j.jpg,model_answer_type2
tDvfNiE.jpg,model_answer_type2
8e9QLg4.jpg,model_answer_type2
YAvWe7x.jpg,model_answer_type2
qmwIFuq.jpg,model_answer_type2
kSgH2u5.jpg,model_answer_type2
v10kqqM.jpg,model_answer_type2
Kx9Dpvo.jpg,model_answer_type2
JknFlEx.jpg,model_answer_type2
xVlxPxC.jpg,model_answer_type2
vblP2gM.jpg,model_answer_type2
Icxu8bH.jpg,model_answer_type2
DMStlYW.jpg,model_answer_type2
y50hEHK.jpg,model_answer_type2
NNgkxyl.jpg,model_answer_type2
7T7pRQW.jpg,model_answer_type2
AbOkl8A.jpg,model_answer_type2
VMvseht.jpg,model_answer_type2
k2F7UH9.jpg,model_answer_type2
kLPP4io.jpg,model_answer_type2
YvqixMk.jpg,model_answer_type2
RDvyz0H.jpg,model_answer_type2
246j0f6.jpg,model_answer_type2
Q9W8wOw.jpg,model_answer_type2
ofbF5fL.jpg,model_answer_type2
XZZpu5U.jpg,model_answer_type2
OasYZ7w.jpg,model_answer_type2
DFGByuP.jpg,model_answer_type2
ESaXykv.jpg,model_answer_type2
jlxLpcG.jpg,model_answer_type2
YAyfJTA.jpg,model_answer_type2
FVofCFc.jpg,model_answer_type2
icWtiVC.jpg,model_answer_type2
bAgEOfS.jpg,model_answer_type2
5nwXIEF.jpg,model_answer_type2
CutQ325.jpg,model_answer_type2
yyY2D8i.jpg,model_answer_type2
KAyvprp.jpg,model_answer_type2
nQw20fw.jpg,model_answer_type2
NzodNAi.jpg,model_answer_type2
neGZfyt.jpg,model_answer_type2
q2ejgty.jpg,model_answer_type2
uKXbpyN.jpg,model_answer_type2
VxY3oie.jpg,model_answer_type2
gKmfNLx.jpg,model_answer_type2
oyXPXol.jpg,model_answer_type2
1zHXQVK.jpg,model_answer_type2
VW40e4h.jpg,model_answer_type2
MgghiL8.jpg,model_answer_type2
SGX6mEJ.jpg,model_answer_type2
RFcUFz0.jpg,model_answer_type2
cbIcLP0.jpg,model_answer_type2
WcYuBgk.jpg,model_answer_type2
kJqpZlJ.jpg,model_answer_type2
rjFS7o6.jpg,model_answer_type2
qwUhUnX.jpg,model_answer_type2
plsg9LG.jpg,model_answer_type2
RN7zNhk.jpg,model_answer_type2
zaZoS31.jpg,model_answer_type2
1PPvSt1.jpg,model_answer_type2
feQ7tcB.jpg,model_answer_type2
CsJgfN3.jpg,model_answer_type2
3pGCYEU.jpg,model_answer_type2
hkpSQ2K.jpg,model_answer_type2
ucH9S9s.jpg,model_answer_type2
7I0zVgw.jpg,model_answer_type2
mlxhGQo.jpg,model_answer_type2
jsuJUBM.jpg,model_answer_type2
f6kyRqj.jpg,model_answer_type2
MbaIt3p.jpg,model_answer_type2
R2MhuVp.jpg,model_answer_type2
Jz2iZTo.jpg,model_answer_type2
uaLdeF8.jpg,model_answer_type2
HS8kvmW.jpg,model_answer_type2
xiBmbZu.jpg,model_answer_type2
GoB1jLf.jpg,model_answer_type2
8M5CU9m.jpg,model_answer_type2
mWBX4hq.jpg,model_answer_type2
A4qd5JR.jpg,model_answer_type2
bztNZnR.jpg,model_answer_type2
BlQwjrY.jpg,model_answer_type2
rIRR2QT.jpg,model_answer_type2
U1tXBng.jpg,model_answer_type2
8m1YEXP.jpg,model_answer_type2
Jg6DDR7.jpg,model_answer_type1
RZzR3WP.jpg,model_answer_type2
0CtvlvW.jpg,model_answer_type1
Z2YvRlp.jpg,model_answer_type2
5NGPXWn.jpg,model_answer_type2
ZcOeygj.jpg,model_answer_type2
EPA6x5l.jpg,model_answer_type1
FpAdggD.jpg,model_answer_type2
ebHOerd.jpg,model_answer_type2
CVgnnPz.jpg,model_answer_type2
lgTFx2j.jpg,model_answer_type2
JX0es3Z.jpg,model_answer_type2
Ar4iTZu.jpg,model_answer_type2
1f5kc6O.jpg,model_answer_type2
H2iPb1j.jpg,model_answer_type2
xL6QQZg.jpg,model_answer_type2
F436xrf.jpg,model_answer_type2
gOCVU3H.jpg,model_answer_type2
jx1zqEB.jpg,model_answer_type2
Nqj6Ukg.jpg,model_answer_type2
RRYfaw8.jpg,model_answer_type2
DYcwFZ2.jpg,model_answer_type2
OsPw2qc.jpg,model_answer_type1
LPYDGGc.jpg,model_answer_type2
dzWtTiV.jpg,model_answer_type1
od6O51t.jpg,model_answer_type2
7vXHnR1.jpg,model_answer_type2
RRxEwCR.jpg,model_answer_type2
eMa8BlA.jpg,model_answer_type1
PWkOVq9.jpg,model_answer_type2
R4Lqvlx.jpg,model_answer_type2
7iS1YLO.jpg,model_answer_type2
NUQPQV8.jpg,model_answer_type2
JcwfXfG.jpg,model_answer_type2
SxOFztL.jpg,model_answer_type2
CVx5tZW.jpg,model_answer_type2
jVAcbJd.jpg,model_answer_type2
eJT0NAj.jpg,model_answer_type2
kaXEAip.jpg,model_answer_type1
DtoSTqh.jpg,model_answer_type2
Onp7BQB.jpg,model_answer_type2
9X9qVWN.jpg,model_answer_type2
5VUV5Ds.jpg,model_answer_type2
CrwqCnM.jpg,model_answer_type1
SqzzLX5.jpg,model_answer_type2
IHbBRG1.jpg,model_answer_type2
Lj8xMTS.jpg,model_answer_type1
J5RlmQv.jpg,model_answer_type1
eDELdBV.jpg,model_answer_type2
UmIo7nf.jpg,model_answer_type2
PYdhI8v.jpg,model_answer_type2
RNxITzv.jpg,model_answer_type2
lTliwxI.jpg,model_answer_type2
SUT4AWW.jpg,model_answer_type2
jiooheu.jpg,model_answer_type2
LSxnasq.jpg,model_answer_type2
1CCExTK.jpg,model_answer_type2
5GvROcS.jpg,model_answer_type2
104uBJZ.jpg,model_answer_type2
d698jqy.jpg,model_answer_type2
gPUwdE9.jpg,model_answer_type2
IbR3JQ2.jpg,model_answer_type2
InCQsuH.jpg,model_answer_type2
gygqDOa.jpg,model_answer_type2
ZiJMj3P.jpg,model_answer_type2
0Ld34zC.jpg,model_answer_type2
VcAzqW1.jpg,model_answer_type2
lLhLJNY.jpg,model_answer_type2
fq5o2TP.jpg,model_answer_type2
gWKDGZp.jpg,model_answer_type2
Itmbytc.jpg,model_answer_type2
GiTl4gv.jpg,model_answer_type2
AuWeWTd.jpg,model_answer_type2
04t0i6U.jpg,model_answer_type2
SLoEgZp.jpg,model_answer_type2
36XFKDU.jpg,model_answer_type2
W9e6qNn.jpg,model_answer_type2
40B8D9P.jpg,model_answer_type2
WcmRS3m.jpg,model_answer_type2
vxiTFZD.jpg,model_answer_type2
SWEGOOj.jpg,model_answer_type2
z9iMChP.jpg,model_answer_type2
cODChJY.jpg,model_answer_type2
GgtAhBF.jpg,model_answer_type2
6bqo0C9.jpg,model_answer_type2
STcovYo.jpg,model_answer_type2
jzWkUcH.jpg,model_answer_type2
l1ZVgCG.jpg,model_answer_type2
pgxC4RR.jpg,model_answer_type2
xicjOgf.jpg,model_answer_type2
cUCYouh.jpg,model_answer_type2
nx4Jtjd.jpg,model_answer_type2
WJnOlzC.jpg,model_answer_type2
55RvBa9.jpg,model_answer_type2
SF26PyJ.jpg,model_answer_type2
1gwlmOe.jpg,model_answer_type2
gyP6GmY.jpg,model_answer_type2
0qZVJKm.jpg,model_answer_type2
uGqNWz5.jpg,model_answer_type2
5ZXQiqK.jpg,model_answer_type2
wNpuM8I.jpg,model_answer_type2
fW3Q3I0.jpg,model_answer_type2
qz31CIs.jpg,model_answer_type2
nrdsLDa.jpg,model_answer_type2
fj6yfEh.jpg,model_answer_type2
hhJrQUf.jpg,model_answer_type2
hEADtQh.jpg,model_answer_type2
MKo064b.jpg,model_answer_type2
ypdRsuD.jpg,model_answer_type2
tjERJXl.jpg,model_answer_type1
thbXo3M.jpg,model_answer_type1
qOjvI4Q.jpg,model_answer_type1
IUmBbJR.jpg,model_answer_type2
TLzmbPh.jpg,model_answer_type2
jwVRl8o.jpg,model_answer_type1
IEH3YjW.jpg,model_answer_type2
lbg7D6C.jpg,model_answer_type2
yvobPIk.jpg,model_answer_type2
faXTONV.jpg,model_answer_type2
D2hIAB7.jpg,model_answer_type2
qJ7zBpR.jpg,model_answer_type1
SsSbA8u.jpg,model_answer_type2
vMtPuyM.jpg,model_answer_type1
xaxBugs.jpg,model_answer_type2
GdDku30.jpg,model_answer_type2
O0KTNBq.jpg,model_answer_type2
A2bBrU9.jpg,model_answer_type1
RCTcSK5.jpg,model_answer_type1
dOhV2kI.jpg,model_answer_type2
My1dMYr.jpg,model_answer_type2
2PvIZDE.jpg,model_answer_type2
GMgHHm1.jpg,model_answer_type2
CCqulRg.jpg,model_answer_type1
XXfy8uN.jpg,model_answer_type2
pBOLe58.jpg,model_answer_type2
JmeCIC1.jpg,model_answer_type2
YJ8QXIH.jpg,model_answer_type1
ZU7kvGx.jpg,model_answer_type1
3kYHjN0.jpg,model_answer_type2
gtyqlcL.jpg,model_answer_type2
GyyJzOi.jpg,model_answer_type1
CgQmkHz.jpg,model_answer_type2
lyr0YBB.jpg,model_answer_type2
zciEYbt.jpg,model_answer_type1
5Abx9M2.jpg,model_answer_type1
J6SsjFs.jpg,model_answer_type2
roxXaVD.jpg,model_answer_type1
TAJCbig.jpg,model_answer_type1
VyHTNQ9.jpg,model_answer_type2
obx0nEW.jpg,model_answer_type1
v5r2evS.jpg,model_answer_type1
XiPBY60.jpg,model_answer_type1
ly91BaO.jpg,model_answer_type2
WjrciTI.jpg,model_answer_type1
a72tRvR.jpg,model_answer_type2
LNZv5Pn.jpg,model_answer_type1
AwF0CBa.jpg,model_answer_type1
3pwsTyE.jpg,model_answer_type1
LQah8ff.jpg,model_answer_type2
sAoxOtx.jpg,model_answer_type1
sOHz97N.jpg,model_answer_type1
SevT653.jpg,model_answer_type1
gjQ3l7z.jpg,model_answer_type1
pi57kK6.jpg,model_answer_type1
tc0TwSp.jpg,model_answer_type2
H6A3t08.jpg,model_answer_type2
gdtcR42.jpg,model_answer_type2
YUtXx1Q.jpg,model_answer_type1
IqSlvss.jpg,model_answer_type1
tYiDdZY.jpg,model_answer_type1
rZQ0RuV.jpg,model_answer_type1
gOTMKLB.jpg,model_answer_type2
epimQv0.jpg,model_answer_type1
9FgCGu3.jpg,model_answer_type1
0lnF9tq.jpg,model_answer_type1
DSxCXr6.jpg,model_answer_type1
AUFftAQ.jpg,model_answer_type1
lqdSQBD.jpg,model_answer_type1
Kk3EIE8.jpg,model_answer_type2
GUJBXzs.jpg,model_answer_type1
rZbH3th.jpg,model_answer_type2
2bdo5ud.jpg,model_answer_type1
AoWLqhH.jpg,model_answer_type2
lx19RYA.jpg,model_answer_type1
57xTE5U.jpg,model_answer_type2
qlwikIg.jpg,model_answer_type2
F4DRxwk.jpg,model_answer_type2
XtmUIuV.jpg,model_answer_type1
I6Y9leA.jpg,model_answer_type1
VJFlqhC.jpg,model_answer_type1
Zfq18VD.jpg,model_answer_type2
EPXRcep.jpg,model_answer_type1
NIDRNKM.jpg,model_answer_type2
S9amPJh.jpg,model_answer_type2
YAy4x2y.jpg,model_answer_type1
wCaaOdq.jpg,model_answer_type2
wGegiaZ.jpg,model_answer_type2
17Eh4M5.jpg,model_answer_type2
w1cmMVA.jpg,model_answer_type1
gaFls3o.jpg,model_answer_type2
yuRHqjH.jpg,model_answer_type2
sPGI0Yj.jpg,model_answer_type2
7UgFm9q.jpg,model_answer_type2
8wUWOwd.jpg,model_answer_type2
niEMuqt.jpg,model_answer_type2
VT1eUse.jpg,model_answer_type2
qFKyFdJ.jpg,model_answer_type2
nVDIV7v.jpg,model_answer_type1
b2UruIc.jpg,model_answer_type2
2EufWcq.jpg,model_answer_type2
ROdYDt2.jpg,model_answer_type1
IbBere6.jpg,model_answer_type2
AhnOq2U.jpg,model_answer_type2
rijC15L.jpg,model_answer_type2
y2wzyA1.jpg,model_answer_type1
zWXFXYW.jpg,model_answer_type2
FpQD5VW.jpg,model_answer_type2
fZ2tBIx.jpg,model_answer_type2
ICIXFCp.jpg,model_answer_type2
u20CbaY.jpg,model_answer_type2
n1jxrs3.jpg,model_answer_type1
mGHkXo0.jpg,model_answer_type2
xPcfWPI.jpg,model_answer_type2
bvW2cMc.jpg,model_answer_type2
MNx2JmJ.jpg,model_answer_type2
u9Wer6S.jpg,model_answer_type2
q8iJyk0.jpg,model_answer_type2
Bk5vzlP.jpg,model_answer_type2
hhP1kex.jpg,model_answer_type2
jLVlBi4.jpg,model_answer_type2
89Qr0VM.jpg,model_answer_type2
CG1NIoo.jpg,model_answer_type2
yRPD0Dn.jpg,model_answer_type2
MBJiE0X.jpg,model_answer_type2
54jROSP.jpg,model_answer_type2
apa52fV.jpg,model_answer_type2
y2z8DRH.jpg,model_answer_type2
KctCRld.jpg,model_answer_type2
nhDmSKc.jpg,model_answer_type2
MmuQQou.jpg,model_answer_type2
zHa0aYH.jpg,model_answer_type2
vHWNFJ2.jpg,model_answer_type1
VQI5gRv.jpg,model_answer_type2
uSpnyHB.jpg,model_answer_type2
O63hzUh.jpg,model_answer_type2
R0rvJ4W.jpg,model_answer_type2
D6dDvU3.jpg,model_answer_type2
Sb9xEDW.jpg,model_answer_type2
yo3KVbK.jpg,model_answer_type2
vT46Zg1.jpg,model_answer_type2
NDKzZ1k.jpg,model_answer_type1
G1CZP6M.jpg,model_answer_type2
plR6CUU.jpg,model_answer_type1
frSrwVi.jpg,model_answer_type2
PtQ8lwm.jpg,model_answer_type2
oTtfso4.jpg,model_answer_type1
bOOb4M8.jpg,model_answer_type2