img_name,pred_marks
x9v67l6.jpg,
ewA8Rpn.jpg,
E6MwJ00.jpg,
9tuGAkX.jpg,
r53EbYv.jpg,
smkLrZa.jpg,
IRpxdDf.jpg,
hBD1FRE.jpg,
EXLa4p7.jpg,
uCpvJcc.jpg,
Ul9u6l6.jpg,
u2GZM4K.jpg,
D7klNpd.jpg,
yF4wPq5.jpg,
r9ByOWm.jpg,
52pqQSe.jpg,
Q2a6ahU.jpg,
BLK52Gc.jpg,
k0xTfJi.jpg,
msX3bBM.jpg,
nG4XW3E.jpg,
rtCMIC1.jpg,
WxtTFL6.jpg,
iw06r3Q.jpg,
PXamf6c.jpg,
RZH24s7.jpg,
favEvzP.jpg,
I3rHIGa.jpg,
LCB41h0.jpg,
T2EiQ3J.jpg,
uWMcs2Y.jpg,
56jXNyb.jpg,
6EoSuEJ.jpg,
pG15tPy.jpg,
OEOMwNz.jpg,
GCKySAb.jpg,
KikF8Hg.jpg,
g9OnxRJ.jpg,
6jHuOGj.jpg,
hr0SaFm.jpg,
t4fbUW1.jpg,
LRccyJJ.jpg,
fSgibgb.jpg,
sB9gIJP.jpg,
XHbvbhu.jpg,
k0R3DoI.jpg,
k3MGv5p.jpg,
5vQyXpN.jpg,
leDjQxO.jpg,
VOWRKeG.jpg,
1KUsNqb.jpg,
Zcai4vg.jpg,
k3fXpaB.jpg,
TphRpXN.jpg,
WqsQ2oM.jpg,
y1LnCHF.jpg,
naF0DTz.jpg,
fSoFduO.jpg,
tA3XsPA.jpg,
o6iFate.jpg,
Ao4IYZg.jpg,
Tybelpt.jpg,
dcKPZ70.jpg,
tRSUcnu.jpg,
il7ZzYK.jpg,
0MCLnne.jpg,
BwGdMO9.jpg,
94eVJfM.jpg,
YaewHUB.jpg,
dDKJWPG.jpg,
nV9zHTn.jpg,
fWen73r.jpg,
keUAEPk.jpg,
SHj76OQ.jpg,
xhc4R2G.jpg,
fxCtAQD.jpg,
PJeMxbg.jpg,
Vlo8tqw.jpg,
QHgIPCx.jpg,
NzBinsy.jpg,
cRogGRp.jpg,
yc12lqc.jpg,
n5LMW0T.jpg,
f6396vC.jpg,
8r86TYY.jpg,
IOj3f0x.jpg,
vrEo0y1.jpg,
L5rBGZ5.jpg,
diLM5gw.jpg,
jbJWS9A.jpg,
iz8f2EL.jpg,
VdH6dUQ.jpg,
pKLNQz5.jpg,
UeKwymv.jpg,
TXVeZeI.jpg,
sJcae3x.jpg,
s1XljD0.jpg,
LUYBpyQ.jpg,
Ef8ACCI.jpg,
7iL00J4.jpg,
xKeed9J.jpg,
bFD9eUD.jpg,
FMctx8O.jpg,
qNdhAQG.jpg,
bUvk9iA.jpg,
GRBnj1Z.jpg,
SMm9p1N.jpg,
6FPOAn4.jpg,
6xcmfsB.jpg,
alybfPY.jpg,
9q4RhnA.jpg,
7c7a0By.jpg,
seedZky.jpg,
GUALkq5.jpg,
N1HDgWz.jpg,
8uEnJiI.jpg,
s5fq6IA.jpg,
e38fphp.jpg,
j6uC3Xk.jpg,
6nLvfDA.jpg,
XYvZQ69.jpg,
jzBnw4J.jpg,
6tXsNC9.jpg,
KB26N1r.jpg,
Gn7hJNd.jpg,
zxomqZY.jpg,
7pahTUB.jpg,
JyjneLe.jpg,
DrHXuVC.jpg,
AZ76rSV.jpg,
SQ3PfSs.jpg,
eGngzyy.jpg,
LAB7L4d.jpg,
TQUHeNf.jpg,
dmZCR9Y.jpg,
rxCG3WE.jpg,
SxxUauX.jpg,
OqVkVCv.jpg,
NGhWj87.jpg,
8F8YMZl.jpg,
KKfbb39.jpg,
ZvHkGNT.jpg,
WJstHO0.jpg,
cScH1M6.jpg,
CLBs5ko.jpg,
UAPlfB2.jpg,
B4XCYz9.jpg,
EIHSAUE.jpg,
sVRUXRv.jpg,
H6JMOwY.jpg,
Qet6ZdJ.jpg,
nWCK5mU.jpg,
FNjcH1n.jpg,
BniP88N.jpg,
baS4IPn.jpg,
vrpQEKp.jpg,
h8CIV67.jpg,
Qi8cQd9.jpg,
Jqj9QLY.jpg,
lXzz6uS.jpg,
96QZdd8.jpg,
dKh1074.jpg,
DlrYDgV.jpg,
T04C5Cf.jpg,
cWwqME1.jpg,
sKJHopD.jpg,
xsXKhSL.jpg,
MV5KDC8.jpg,
KGv7TpN.jpg,
YqjoUp3.jpg,
4o6dYrK.jpg,
9ho2npk.jpg,
x8FnUkW.jpg,
OAg9Tcu.jpg,
wN4cbxp.jpg,
atMTlVH.jpg,
6ZEaAgP.jpg,
0OdLk7m.jpg,
gbeOzSl.jpg,
UpUB4NP.jpg,
d0CumBh.jpg,
jMBzTSY.jpg,
K4M2DDt.jpg,
MvHSRmI.jpg,
FikUEoA.jpg,
15KUC2C.jpg,
IF69nYD.jpg,
QjnYgjU.jpg,
A2sNCY3.jpg,
OKJ3j3G.jpg,
rBUuCSx.jpg,
F0nOhUP.jpg,
WacNh4T.jpg,
89atndp.jpg,
BJMdF88.jpg,
Rk1G1aS.jpg,
4eC8euy.jpg,
zQshA2F.jpg,
ZGzhVNg.jpg,
3G7htqD.jpg,
v4aJrqY.jpg,
y6Vf5sD.jpg,
UXsG00l.jpg,
HIZNGdx.jpg,
HOtiavT.jpg,
Qr2F5vt.jpg,
hJTSb28.jpg,
uwONgIj.jpg,
u6uDFnY.jpg,
lvPI3dz.jpg,
vpI8WEb.jpg,
mMcX0kT.jpg,
kK8CqVE.jpg,
dmBFpeL.jpg,
tpPFzmO.jpg,
ZGGigCm.jpg,
oYYOzj0.jpg,
S4Gjogj.jpg,
kc3HJAc.jpg,
bO9N14J.jpg,
2sjzRpB.jpg,
hOqd6O1.jpg,
0uMtPz0.jpg,
WbvDqtc.jpg,
1NFTcys.jpg,
6f36g6m.jpg,
mCkySBG.jpg,
eW2yoSH.jpg,
rzQDZm4.jpg,
bd3p317.jpg,
4us8p1f.jpg,
Hj9MaiP.jpg,
dYAaz7m.jpg,
qKVBUWs.jpg,
VrcsNov.jpg,
bOMQ443.jpg,
E0RhGxf.jpg,
jioK374.jpg,
uJgHSki.jpg,
5pOfNJj.jpg,
hSIB9dp.jpg,
vhKiEc5.jpg,
PJF97Sn.jpg,
SpbJje9.jpg,
qDeau8F.jpg,
9jJTcYP.jpg,
IZoP6L9.jpg,
DpJMbdM.jpg,
kGfwhg1.jpg,
hTdvXQF.jpg,
vljoMvg.jpg,
J4KSh3L.jpg,
q084olr.jpg,
LmfCbHP.jpg,
xE2j1uA.jpg,
406Rype.jpg,
UnyTYcI.jpg,
DiAuBgf.jpg,
XZfYPZf.jpg,
DpgnoTP.jpg,
hsrMdD1.jpg,
pzjmQaX.jpg,
QboFh7Q.jpg,
ZHdcDRf.jpg,
m0uDWq4.jpg,
DCqErqb.jpg,
x6TAizQ.jpg,
g2XWJ8f.jpg,
WG85Ru8.jpg,
2xCuXpB.jpg,
yArHNVc.jpg,
f5UXaA3.jpg,
KYwE0DO.jpg,
WZ5A722.jpg,
H9hqtAY.jpg,
o8Eg109.jpg,
0rmWKaj.jpg,
AEvXq0w.jpg,
pDpbHYg.jpg,
rYEPaeR.jpg,
MLNMK7L.jpg,
DT4N2Zg.jpg,
nD8jfSQ.jpg,
uhFFYJ4.jpg,
HGxZ4n9.jpg,
yfnPUlS.jpg,
1BDUOhL.jpg,
gMDq8yp.jpg,
EB96Q7Y.jpg,
Sm6e1Td.jpg,
GidbMC1.jpg,
JR5NBIN.jpg,
0c7xEno.jpg,
PAaDQxm.jpg,
UmqXxrS.jpg,
BUtmjUM.jpg,
gKxPK1Y.jpg,
3zxEEBC.jpg,
F0L3AOw.jpg,
mrijc85.jpg,
qXZqYLa.jpg,
WmsdhW5.jpg,
yFqaV83.jpg,
fNB1Xh6.jpg,
DyEbp6j.jpg,
tDvfNiE.jpg,
8e9QLg4.jpg,
YAvWe7x.jpg,
qmwIFuq.jpg,
kSgH2u5.jpg,
v10kqqM.jpg,
Kx9Dpvo.jpg,
JknFlEx.jpg,
xVlxPxC.jpg,
vblP2gM.jpg,
Icxu8bH.jpg,
DMStlYW.jpg,
y50hEHK.jpg,
NNgkxyl.jpg,
7T7pRQW.jpg,
AbOkl8A.jpg,
VMvseht.jpg,
k2F7UH9.jpg,
kLPP4io.jpg,
YvqixMk.jpg,
RDvyz0H.jpg,
246j0f6.jpg,
Q9W8wOw.jpg,
ofbF5fL.jpg,
XZZpu5U.jpg,
OasYZ7w.jpg,
DFGByuP.jpg,
ESaXykv.jpg,
jlxLpcG.jpg,
YAyfJTA.jpg,
FVofCFc.jpg,
icWtiVC.jpg,
bAgEOfS.jpg,
5nwXIEF.jpg,
CutQ325.jpg,
yyY2D8i.jpg,
KAyvprp.jpg,
nQw20fw.jpg,
NzodNAi.jpg,
neGZfyt.jpg,
q2ejgty.jpg,
uKXbpyN.jpg,
VxY3oie.jpg,
gKmfNLx.jpg,
oyXPXol.jpg,
1zHXQVK.jpg,
VW40e4h.jpg,
MgghiL8.jpg,
SGX6mEJ.jpg,
RFcUFz0.jpg,
cbIcLP0.jpg,
WcYuBgk.jpg,
kJqpZlJ.jpg,
rjFS7o6.jpg,
qwUhUnX.jpg,
plsg9LG.jpg,
RN7zNhk.jpg,
zaZoS31.jpg,
1PPvSt1.jpg,
feQ7tcB.jpg,
CsJgfN3.jpg,
3pGCYEU.jpg,
hkpSQ2K.jpg,
ucH9S9s.jpg,
7I0zVgw.jpg,
mlxhGQo.jpg,
jsuJUBM.jpg,
f6kyRqj.jpg,
MbaIt3p.jpg,
R2MhuVp.jpg,
Jz2iZTo.jpg,
uaLdeF8.jpg,
HS8kvmW.jpg,
xiBmbZu.jpg,
GoB1jLf.jpg,
8M5CU9m.jpg,
mWBX4hq.jpg,
A4qd5JR.jpg,
bztNZnR.jpg,
BlQwjrY.jpg,
rIRR2QT.jpg,
U1tXBng.jpg,
8m1YEXP.jpg,
Jg6DDR7.jpg,
RZzR3WP.jpg,
0CtvlvW.jpg,
Z2YvRlp.jpg,
5NGPXWn.jpg,
ZcOeygj.jpg,
EPA6x5l.jpg,
FpAdggD.jpg,
ebHOerd.jpg,
CVgnnPz.jpg,
lgTFx2j.jpg,
JX0es3Z.jpg,
Ar4iTZu.jpg,
1f5kc6O.jpg,
H2iPb1j.jpg,
xL6QQZg.jpg,
F436xrf.jpg,
gOCVU3H.jpg,
jx1zqEB.jpg,
Nqj6Ukg.jpg,
RRYfaw8.jpg,
DYcwFZ2.jpg,
OsPw2qc.jpg,
LPYDGGc.jpg,
dzWtTiV.jpg,
od6O51t.jpg,
7vXHnR1.jpg,
RRxEwCR.jpg,
eMa8BlA.jpg,
PWkOVq9.jpg,
R4Lqvlx.jpg,
7iS1YLO.jpg,
NUQPQV8.jpg,
JcwfXfG.jpg,
SxOFztL.jpg,
CVx5tZW.jpg,
jVAcbJd.jpg,
eJT0NAj.jpg,
kaXEAip.jpg,
DtoSTqh.jpg,
Onp7BQB.jpg,
9X9qVWN.jpg,
5VUV5Ds.jpg,
CrwqCnM.jpg,
SqzzLX5.jpg,
IHbBRG1.jpg,
Lj8xMTS.jpg,
J5RlmQv.jpg,
eDELdBV.jpg,
UmIo7nf.jpg,
PYdhI8v.jpg,
RNxITzv.jpg,
lTliwxI.jpg,
SUT4AWW.jpg,
jiooheu.jpg,
LSxnasq.jpg,
1CCExTK.jpg,
5GvROcS.jpg,
104uBJZ.jpg,
d698jqy.jpg,
gPUwdE9.jpg,
IbR3JQ2.jpg,
InCQsuH.jpg,
gygqDOa.jpg,
ZiJMj3P.jpg,
0Ld34zC.jpg,
VcAzqW1.jpg,
lLhLJNY.jpg,
fq5o2TP.jpg,
gWKDGZp.jpg,
Itmbytc.jpg,
GiTl4gv.jpg,
AuWeWTd.jpg,
04t0i6U.jpg,
SLoEgZp.jpg,
36XFKDU.jpg,
W9e6qNn.jpg,
40B8D9P.jpg,
WcmRS3m.jpg,
vxiTFZD.jpg,
SWEGOOj.jpg,
z9iMChP.jpg,
cODChJY.jpg,
GgtAhBF.jpg,
6bqo0C9.jpg,
STcovYo.jpg,
jzWkUcH.jpg,
l1ZVgCG.jpg,
pgxC4RR.jpg,
xicjOgf.jpg,
cUCYouh.jpg,
nx4Jtjd.jpg,
WJnOlzC.jpg,
55RvBa9.jpg,
SF26PyJ.jpg,
1gwlmOe.jpg,
gyP6GmY.jpg,
0qZVJKm.jpg,
uGqNWz5.jpg,
5ZXQiqK.jpg,
wNpuM8I.jpg,
fW3Q3I0.jpg,
qz31CIs.jpg,
nrdsLDa.jpg,
fj6yfEh.jpg,
hhJrQUf.jpg,
hEADtQh.jpg,
MKo064b.jpg,
ypdRsuD.jpg,
tjERJXl.jpg,
thbXo3M.jpg,
qOjvI4Q.jpg,
IUmBbJR.jpg,
TLzmbPh.jpg,
jwVRl8o.jpg,
IEH3YjW.jpg,
lbg7D6C.jpg,
yvobPIk.jpg,
faXTONV.jpg,
D2hIAB7.jpg,
qJ7zBpR.jpg,
SsSbA8u.jpg,
vMtPuyM.jpg,
xaxBugs.jpg,
GdDku30.jpg,
O0KTNBq.jpg,
A2bBrU9.jpg,
RCTcSK5.jpg,
dOhV2kI.jpg,
My1dMYr.jpg,
2PvIZDE.jpg,
GMgHHm1.jpg,
CCqulRg.jpg,
XXfy8uN.jpg,
pBOLe58.jpg,
JmeCIC1.jpg,
YJ8QXIH.jpg,
ZU7kvGx.jpg,
3kYHjN0.jpg,
gtyqlcL.jpg,
GyyJzOi.jpg,
CgQmkHz.jpg,
lyr0YBB.jpg,
zciEYbt.jpg,
5Abx9M2.jpg,
J6SsjFs.jpg,
roxXaVD.jpg,
TAJCbig.jpg,
VyHTNQ9.jpg,
obx0nEW.jpg,
v5r2evS.jpg,
XiPBY60.jpg,
ly91BaO.jpg,
WjrciTI.jpg,
a72tRvR.jpg,
LNZv5Pn.jpg,
AwF0CBa.jpg,
3pwsTyE.jpg,
LQah8ff.jpg,
sAoxOtx.jpg,
sOHz97N.jpg,
SevT653.jpg,
gjQ3l7z.jpg,
pi57kK6.jpg,
tc0TwSp.jpg,
H6A3t08.jpg,
gdtcR42.jpg,
YUtXx1Q.jpg,
IqSlvss.jpg,
tYiDdZY.jpg,
rZQ0RuV.jpg,
gOTMKLB.jpg,
epimQv0.jpg,
9FgCGu3.jpg,
0lnF9tq.jpg,
DSxCXr6.jpg,
AUFftAQ.jpg,
lqdSQBD.jpg,
Kk3EIE8.jpg,
GUJBXzs.jpg,
rZbH3th.jpg,
2bdo5ud.jpg,
AoWLqhH.jpg,
lx19RYA.jpg,
57xTE5U.jpg,
qlwikIg.jpg,
F4DRxwk.jpg,
XtmUIuV.jpg,
I6Y9leA.jpg,
VJFlqhC.jpg,
Zfq18VD.jpg,
EPXRcep.jpg,
NIDRNKM.jpg,
S9amPJh.jpg,
YAy4x2y.jpg,
wCaaOdq.jpg,
wGegiaZ.jpg,
17Eh4M5.jpg,
w1cmMVA.jpg,
gaFls3o.jpg,
yuRHqjH.jpg,
sPGI0Yj.jpg,
7UgFm9q.jpg,
8wUWOwd.jpg,
niEMuqt.jpg,
VT1eUse.jpg,
qFKyFdJ.jpg,
nVDIV7v.jpg,
b2UruIc.jpg,
2EufWcq.jpg,
ROdYDt2.jpg,
IbBere6.jpg,
AhnOq2U.jpg,
rijC15L.jpg,
y2wzyA1.jpg,
zWXFXYW.jpg,
FpQD5VW.jpg,
fZ2tBIx.jpg,
ICIXFCp.jpg,
u20CbaY.jpg,
n1jxrs3.jpg,
mGHkXo0.jpg,
xPcfWPI.jpg,
bvW2cMc.jpg,
MNx2JmJ.jpg,
u9Wer6S.jpg,
q8iJyk0.jpg,
Bk5vzlP.jpg,
hhP1kex.jpg,
jLVlBi4.jpg,
89Qr0VM.jpg,
CG1NIoo.jpg,
yRPD0Dn.jpg,
MBJiE0X.jpg,
54jROSP.jpg,
apa52fV.jpg,
y2z8DRH.jpg,
KctCRld.jpg,
nhDmSKc.jpg,
MmuQQou.jpg,
zHa0aYH.jpg,
vHWNFJ2.jpg,
VQI5gRv.jpg,
uSpnyHB.jpg,
O63hzUh.jpg,
R0rvJ4W.jpg,
D6dDvU3.jpg,
Sb9xEDW.jpg,
yo3KVbK.jpg,
vT46Zg1.jpg,
NDKzZ1k.jpg,
G1CZP6M.jpg,
plR6CUU.jpg,
frSrwVi.jpg,
PtQ8lwm.jpg,
oTtfso4.jpg,
bOOb4M8.jpg,